date,name,venue,address,start_time,price,official_seller,ticket_url,events_lat_page,category
2026-10-03,Sábados de lucha libre CMLL,Arena Coliseo,"Perú #77 Col. Centro, México",see seller,see seller,Ticketmaster México,https://www.ticketmaster.com.mx/sabados-de-lucha-libre-cmll-mexico-03-10-2026/event/1400637487855530,https://events.lat/event/44e44bc6-0f89-4a4d-9ded-2b47a383fd9f,theatre/culture
2026-10-03,Abono Transmisión Ópera MET Temporada 2026-2027 (Incluye 8 óperas),Auditorio Nacional,"Paseo de la Reforma # 50 Col Polanco V Sección, Ciudad de México",see seller,see seller,Ticketmaster México,https://www.ticketmaster.com.mx/abono-transmision-opera-met-temporada-20262027-ciudad-de-mexico-03-10-2026/event/3D0064BA9E574D2F,https://events.lat/event/fef7b6e4-9483-44bc-b777-6c3d021f34e5,theatre/culture
2026-10-03,Amadeus Live,Auditorio Nacional,"Paseo de la Reforma # 50 Col Polanco V Sección, Ciudad de México",see seller,see seller,Ticketmaster México,https://www.ticketmaster.com.mx/amadeus-live-ciudad-de-mexico-03-10-2026/event/3D00638B859818DB,https://events.lat/event/0c9df8e2-3a66-4b5c-ae70-5440f9411c30,theatre/culture
2026-10-03,Ópera MET Cosi Fan Tutte,Auditorio Nacional,"Paseo de la Reforma # 50 Col Polanco V Sección, Ciudad de México",see seller,see seller,Ticketmaster México,https://www.ticketmaster.com.mx/opera-met-cosi-fan-tutte-ciudad-de-mexico-03-10-2026/event/3D0064CCAFD63D89,https://events.lat/event/4aa5a315-d76a-4fd9-b412-85a1f7049b37,theatre/culture
2026-10-03,Aztlán Feria de Chapultepec,Aztlán Feria de Chapultepec,"Av. de los Compositores s/n, Bosque de Chapultepec II Secc, Ciudad de México",see seller,see seller,Ticketmaster México,https://www.ticketmaster.com.mx/aztlan-feria-de-chapultepec-ciudad-de-mexico-03-10-2026/event/3D00647E871111E0,https://events.lat/event/2c9781a6-b513-4077-83cf-04e182a8231b,theatre/culture
2026-10-03,"Frankenstein, danza contemporánea- La Infinita Compañía",Capilla Gótica,"Av. Revolución #1500 Col. Guadalupe Inn, México",see seller,see seller,Ticketmaster México,https://www.ticketmaster.com.mx/frankenstein-danza-contemporanea-la-infinita-compania-mexico-03-10-2026/event/3D00651B8B222934,https://events.lat/event/c316f214-4d7b-42d0-abc6-cab8144ab66c,theatre/culture
2026-10-03,Nocturne,Centro Cultural Teatro II,"Av. Chapultepec y Av. Cuauhtémoc, México",see seller,see seller,Ticketmaster México,https://www.ticketmaster.com.mx/nocturne-mexico-03-10-2026/event/140064DE90DD3661,https://events.lat/event/642e1423-058d-4811-a126-9c11e407ae12,theatre/culture
2026-10-03,Nocturno,Centro Cultural Teatro II,"Av. Chapultepec y Av. Cuauhtémoc, México",see seller,see seller,Ticketmaster México,https://www.ticketmaster.com.mx/nocturno-mexico-03-10-2026/event/1400650DDB5BFCD6,https://events.lat/event/114d1a7c-9371-4012-8984-80a4be5837ce,theatre/culture
2026-10-03,Carlos Sadness,El Lunario del Auditorio Nacional,"Costado poniente del Auditorio Nacional frente al Campo, Ciudad de México",see seller,see seller,Ticketmaster México,https://www.ticketmaster.com.mx/carlos-sadness-ciudad-de-mexico-03-10-2026/event/3D006472AFD04C28,https://events.lat/event/b9c4e06c-aa50-46b4-bb18-3c07f0f69748,music
2026-10-03,Pumas CU UNAM v. Borregos ITESM CEM,Estadio Olimpico Universitario,"Av. Insurgentes Sur s/n Ciudad Universitaria, México",see seller,see seller,Ticketmaster México,https://www.ticketmaster.com.mx/pumas-cu-unam-v-borregos-itesm-mexico-03-10-2026/event/3D00652FD14C4EAE,https://events.lat/event/f783e62e-354d-4a0f-abf3-85ccc9e2c0d2,theatre/culture
2026-10-03,Abono Banamex Super Indie Games,Expo Reforma,"Morelos #67 Col. Juárez, México",see seller,see seller,Ticketmaster México,https://www.ticketmaster.com.mx/abono-banamex-super-indie-games-mexico-03-10-2026/event/140064D891373657,https://events.lat/event/eb3520d9-68e4-47e4-8096-23c34673e79e,theatre/culture
2026-10-03,Individual Banamex Super Indie Games,Expo Reforma,"Morelos #67 Col. Juárez, México",see seller,see seller,Ticketmaster México,https://www.ticketmaster.com.mx/individual-banamex-super-indie-games-mexico-03-10-2026/event/140064D8FBEC24CD,https://events.lat/event/3e72d24e-d655-46bf-b2e4-f013444b4e9c,theatre/culture
2026-10-03,No concreto,FORO A POCO NO,"República de Cuba 49 (entre República de Chile y Allende), México",see seller,see seller,Ticketmaster México,https://www.ticketmaster.com.mx/no-concreto-mexico-03-10-2026/event/3D0064D09158204D,https://events.lat/event/09c7ae8d-fc4e-471a-8bd9-37e910c06a16,theatre/culture
2026-10-03,La Gaviota,Foro Lucerna,"Calle Lucerna. No. 64 Esquina con calle Milán, México",see seller,see seller,Ticketmaster México,https://www.ticketmaster.com.mx/la-gaviota-mexico-03-10-2026/event/3D00650D9B9F336E,https://events.lat/event/1a01c633-3237-44b7-9923-791ed7435b7a,theatre/culture
2026-10-03,Chuponcito,Foro Red Access,"Avenida Centenario 159, México",see seller,see seller,Ticketmaster México,https://www.ticketmaster.com.mx/chuponcito-mexico-03-10-2026/event/3D0064AB895E1B14,https://events.lat/event/1e873cae-e052-4611-91e5-434e9cfa3ec1,theatre/culture
2026-10-03,Cox Homenaje al Príncipe,Foro Stelaris Fiesta Americana Reforma,"Av. P. de la Reforma 80-Piso 25, Juárez, Cuauhtémoc, Ciudad de México",see seller,see seller,Ticketmaster México,https://www.ticketmaster.com.mx/cox-homenaje-al-principe-ciudad-de-mexico-03-10-2026/event/3D0064E686630AB1,https://events.lat/event/1a0148ab-8abc-41a9-9d5d-2ae9d71a5c42,music
2026-10-03,La Nota,Nuevo Teatro Libanés,"Barranca Del Muerto y 2 de Abril, Col. Crédito Constructor, México",see seller,see seller,Ticketmaster México,https://www.ticketmaster.com.mx/la-nota-mexico-03-10-2026/event/3D0064D0FD3B7848,https://events.lat/event/2f55b196-610c-41aa-a3be-04bffea4d8b8,theatre/culture
2026-10-03,XV Aniversario CEPRODAC. 6+. Ingreso 18:30,Palacio de Bellas Artes,"Av Juárez, Centro Histórico, Centro, México CDMX",see seller,see seller,Ticketmaster México,https://www.ticketmaster.com.mx/xv-aniversario-ceprodac-6-ingreso-1830-mexico-cdmx-03-10-2026/event/3D0064BF987A333B,https://events.lat/event/e8d843d6-696c-45ec-bcd7-c8f131594681,theatre/culture
2026-10-03,Monster Jam,Palacio de los Deportes,"Av. Río Churubusco y Añil s/n Col. Granjas México, Ciudad de México",see seller,see seller,Ticketmaster México,https://www.ticketmaster.com.mx/monster-jam-ciudad-de-mexico-03-10-2026/event/14006495C3A95074,https://events.lat/event/a448005b-3faa-4a78-a831-80a0de7ccda5,theatre/culture
2026-10-03,Orquesta Filarmónica de la Ciudad de México:Metales y Percusiones OFCM,Sala Silvestre Revueltas,"Periférico Sur #5141 Col. Isidro Fabela, México",see seller,see seller,Ticketmaster México,https://www.ticketmaster.com.mx/orquesta-filarmonica-de-la-ciudad-de-mexico-03-10-2026/event/3D0064DA88380F78,https://events.lat/event/045cb94b-8cd3-4ad9-ab52-9e6ad09b692e,theatre/culture
2026-10-03,La Dama De Negro,Teatro 11 de Julio,"Doctor Vertiz #668 Col. Narvarte, México",see seller,see seller,Ticketmaster México,https://www.ticketmaster.com.mx/la-dama-de-negro-mexico-03-10-2026/event/3D006474858B26B7,https://events.lat/event/3be4b6b4-b814-42b5-8255-f043bb0e5616,theatre/culture
2026-10-03,Mentidrags,Teatro Aldama,"Rosas Moreno #71 Col. San Rafael, México",see seller,see seller,Ticketmaster México,https://www.ticketmaster.com.mx/mentidrags-mexico-03-10-2026/event/3D0064F9835E1A46,https://events.lat/event/5aa3a9de-ad2b-4185-a206-900a423b9e1c,theatre/culture
2026-10-03,Mentiras el Musical,Teatro Aldama,"Rosas Moreno #71 Col. San Rafael, México",see seller,see seller,Ticketmaster México,https://www.ticketmaster.com.mx/mentiras-el-musical-mexico-03-10-2026/event/3D006506B6EB4F10,https://events.lat/event/3ea40110-3b14-45f7-9a14-20497ffa9766,theatre/culture
2026-10-03,Anfitrión,Teatro Balderas,"Balderas 108, Ciudad de México",see seller,see seller,Ticketmaster México,https://www.ticketmaster.com.mx/anfitrion-ciudad-de-mexico-03-10-2026/event/3D00653891F53934,https://events.lat/event/72373488-2fb0-461e-a67f-b47488bb499f,theatre/culture
2026-10-03,Don Quijote de la Mancha,Teatro Balderas,"Balderas 108, Ciudad de México",see seller,see seller,Ticketmaster México,https://www.ticketmaster.com.mx/don-quijote-de-la-mancha-ciudad-de-mexico-03-10-2026/event/3D006538A0F94CC3,https://events.lat/event/8f5250aa-dcc8-4fc9-aa2e-2c86faa5408e,theatre/culture
2026-10-03,Santas y perversas,Teatro Balderas,"Balderas 108, Ciudad de México",see seller,see seller,Ticketmaster México,https://www.ticketmaster.com.mx/santas-y-perversas-ciudad-de-mexico-03-10-2026/event/3D0064F4A1C52C07,https://events.lat/event/380edeb7-2fb0-4d4b-85b7-0301a769292b,theatre/culture
2026-10-03,Amigos Intocables,Teatro Centenario Coyoacan,"Avenida Centenario 159, Ciudad de Mexico",see seller,see seller,Ticketmaster México,https://www.ticketmaster.com.mx/amigos-intocables-ciudad-de-mexico-03-10-2026/event/3D0064D112F7C4F3,https://events.lat/event/ce8a7980-bc37-4c5a-bc16-8ea1c4c1e3f4,theatre/culture
2026-10-03,Infierno,Teatro Coyoacán Enrique Lizalde,"Eleuterio Méndez #11 Colonia San Mateo Churubusco, Ciudad de México",see seller,see seller,Ticketmaster México,https://www.ticketmaster.com.mx/infierno-ciudad-de-mexico-03-10-2026/event/3D006531AF7D673D,https://events.lat/event/37f1c4cd-21ef-4e17-ba1f-a418aca3a64f,theatre/culture
2026-10-03,El Sótano,Teatro Fernando Soler (CTMF),"Velásquez de León #31 Col. San Rafael, México",see seller,see seller,Ticketmaster México,https://www.ticketmaster.com.mx/el-sotano-mexico-03-10-2026/event/3D00651887391009,https://events.lat/event/25777e11-6cf9-43a8-9726-b087e58ecdc3,theatre/culture
2026-10-03,Sor Presas,Teatro Hidalgo,"Av. Hidalgo #23 Col. Centro, México",see seller,see seller,Ticketmaster México,https://www.ticketmaster.com.mx/sor-presas-mexico-03-10-2026/event/14006537B4E48D81,https://events.lat/event/7c5565d3-a759-4bce-826e-4b5a62aa8f0d,theatre/culture
2026-10-03,"EL MANIPULADOR DE MENTES ""Una Noche de Ilusión Trágica""",Teatro Jorge Negrete,"Ignacio M. Altamirano #126. Col. San Rafael, México",see seller,see seller,Ticketmaster México,https://www.ticketmaster.com.mx/el-manipulador-de-mentes-una-noche-mexico-03-10-2026/event/14006527899A2407,https://events.lat/event/5e422972-66c3-4831-810c-6418e980b98d,theatre/culture
2026-10-03,Lost Acapulco,Teatro Metropolitan,"Independencia #90 Col. Centro, entre las calles de Balderas, México",see seller,see seller,Ticketmaster México,https://www.ticketmaster.com.mx/lost-acapulco-mexico-03-10-2026/event/14006459E9460BFA,https://events.lat/event/7bfba4c1-8f02-4349-a45d-2dd3d9cfa0ee,music
2026-10-03,Las Leonas,Teatro Mexico (CTMF),"Velásquez de León #31 Col. San Rafael, México",see seller,see seller,Ticketmaster México,https://www.ticketmaster.com.mx/las-leonas-mexico-03-10-2026/event/3D006516D536583F,https://events.lat/event/b31a12c1-924e-49e1-b75b-4419bfaa4d9e,theatre/culture
2026-10-03,Salvaje o la valentía de encontrarse,Teatro Milán,"Calle Lucerna. No. 64 Esquina con calle Milán, México",see seller,see seller,Ticketmaster México,https://www.ticketmaster.com.mx/salvaje-o-la-valentia-de-encontrarse-mexico-03-10-2026/event/3D0064F6850415FC,https://events.lat/event/d0db951f-e7f6-4323-b602-529b3718050c,theatre/culture
2026-10-03,"Urinetown, el musical",Teatro Milán,"Calle Lucerna. No. 64 Esquina con calle Milán, México",see seller,see seller,Ticketmaster México,https://www.ticketmaster.com.mx/urinetown-el-musical-mexico-03-10-2026/event/3D00650A8FD215C3,https://events.lat/event/7463509d-425b-4270-a7ec-ae17610b964c,theatre/culture
2026-10-03,El Quinto Paso,Teatro Rafael Solana,"Miguel Ángel de Quevedo #687 Col. Coyoacán, México",see seller,see seller,Ticketmaster México,https://www.ticketmaster.com.mx/el-quinto-paso-mexico-03-10-2026/event/3D0064E684E30A79,https://events.lat/event/be00f67d-364f-47c4-9822-a6f4ee2f0dd5,theatre/culture
2026-10-03,La obscenidad de la carne.,Teatro Renacimiento (CTMF),"Velázquez de León #31, Col. San Rafael, México",see seller,see seller,Ticketmaster México,https://www.ticketmaster.com.mx/la-obscenidad-de-la-carne-mexico-03-10-2026/event/3D00651A8E442C3D,https://events.lat/event/fbf3a103-1dfd-476c-86a7-97e9fb77b421,theatre/culture
2026-10-03,Toc Toc,Teatro Royal Pedregal,"Periférico Sur 4363, México",see seller,see seller,Ticketmaster México,https://www.ticketmaster.com.mx/toc-toc-mexico-03-10-2026/event/140064D1FE782EC8,https://events.lat/event/8db9acf6-281b-4aee-a315-3ad2cff47807,theatre/culture
2026-10-03,"Busco al hombre de mi vida, marido ya tuve",Teatro San Jerónimo Independencia,"Periférico Sur #3400 Unidad Independencia, México",see seller,see seller,Ticketmaster México,https://www.ticketmaster.com.mx/busco-al-hombre-de-mi-vida-mexico-03-10-2026/event/14006529B23E82A2,https://events.lat/event/7a3acf78-990b-4859-9a5d-f04ee524ffcf,theatre/culture
2026-10-03,Perfume de gardenia,Teatro San Rafael (CTMF),"Virginia Fábregas #40 Col. San Rafael, México",see seller,see seller,Ticketmaster México,https://www.ticketmaster.com.mx/perfume-de-gardenia-mexico-03-10-2026/event/3D0065188A41124F,https://events.lat/event/8726b413-a10b-4ae1-ae61-d012ed190109,theatre/culture
2026-10-03,Fiquet,TEATRO SERGIO MAGAÑA,"Sor Juana Inés de la Cruz 114 , México",see seller,see seller,Ticketmaster México,https://www.ticketmaster.com.mx/fiquet-mexico-03-10-2026/event/3D006483B3434D3B,https://events.lat/event/7d17ba7b-b853-4ae2-93c4-afad8fd6a46a,music
2026-10-03,El Gorila,Teatro SOGEM Wilberto Cantón,"José María Velasco #59, Col. San José Insurgentes, México",see seller,see seller,Ticketmaster México,https://www.ticketmaster.com.mx/el-gorila-mexico-03-10-2026/event/3D0065229D0A2E34,https://events.lat/event/01afa63e-c3a5-4ff4-87b0-da7d1161dfdc,theatre/culture
2026-10-03,El Juego Que Todos Jugamos,Teatro SOGEM Wilberto Cantón,"José María Velasco #59, Col. San José Insurgentes, México",see seller,see seller,Ticketmaster México,https://www.ticketmaster.com.mx/el-juego-que-todos-jugamos-mexico-03-10-2026/event/3D006521BBEA3F4F,https://events.lat/event/808aa9a0-19d1-45a3-924a-d7064d984047,theatre/culture
2026-10-03,El Rey León,Teatro Telcel,"Lago Zurich #245, Primer Piso, México",see seller,see seller,Ticketmaster México,https://www.ticketmaster.com.mx/el-rey-leon-mexico-03-10-2026/event/3D0064F6863B16AF,https://events.lat/event/d4758db9-9c9d-4b67-9b06-b68e39aaa69d,theatre/culture
2026-10-03,"Drácula, ballet de terror",Teatro Tepeyac,"Calz.de Guadalupe #497 Col. Estrella, México",see seller,see seller,Ticketmaster México,https://www.ticketmaster.com.mx/dracula-ballet-de-terror-mexico-03-10-2026/event/140064628A4C22E9,https://events.lat/event/312e4e44-5f2b-4e0c-a6bf-a123eb267529,theatre/culture
2026-10-03,El Diario de Ana Frank,Teatro Tepeyac,"Calz.de Guadalupe #497 Col. Estrella, México",see seller,see seller,Ticketmaster México,https://www.ticketmaster.com.mx/el-diario-de-ana-frank-mexico-03-10-2026/event/14006522B03E99A5,https://events.lat/event/3d168d77-0939-42b3-8c73-dac1d4468511,theatre/culture
2026-10-03,Hansel y Gretel,Teatro Tepeyac,"Calz.de Guadalupe #497 Col. Estrella, México",see seller,see seller,Ticketmaster México,https://www.ticketmaster.com.mx/hansel-y-gretel-mexico-03-10-2026/event/1400651F84672181,https://events.lat/event/81a9fc8e-6ca8-42c3-a9cf-fa76969d6071,theatre/culture
2026-10-03,La Sirenita Musical,Teatro Tepeyac,"Calz.de Guadalupe #497 Col. Estrella, México",see seller,see seller,Ticketmaster México,https://www.ticketmaster.com.mx/la-sirenita-musical-mexico-03-10-2026/event/1400651F92453323,https://events.lat/event/ec471a29-e292-4f4a-b8dc-11df6d0b282d,theatre/culture
2026-10-03,Mirar el sol por la ventana IXTMO Laboratorio escénico interdisciplina,Teatro Varsovia,"Varsovia 9, Juarez, Cuauhtemoc, Ciudad de Mexico",see seller,see seller,Ticketmaster México,https://www.ticketmaster.com.mx/mirar-el-sol-por-la-ventana-ciudad-de-mexico-03-10-2026/event/3D0064FFD413817B,https://events.lat/event/a81d92e4-7a13-4b70-af3a-523a99989713,theatre/culture
2026-10-03,Afterglow,Teatro Virginia Fábregas,"Velásquez de León #31 Col. San Rafael, México",see seller,see seller,Ticketmaster México,https://www.ticketmaster.com.mx/afterglow-mexico-03-10-2026/event/3D00650EE8F383C1,https://events.lat/event/e957f84d-dfe8-45be-bf56-cf51740e79c3,theatre/culture
2026-10-03,Cómo Quieras... ¡Perro Ámame!,Teatro Virginia Fábregas,"Velásquez de León #31 Col. San Rafael, México",see seller,see seller,Ticketmaster México,https://www.ticketmaster.com.mx/como-quieras-perro-amame-mexico-03-10-2026/event/3D00650EA9C140C6,https://events.lat/event/16133657-5f55-4883-bc7e-8463c41f68e8,theatre/culture
2026-10-03,La Clase,Teatro Xola Julio Prieto,"Eje 4 Sur Xola #809 esq. Nicolás San Juan Col. Del Valle, México",see seller,see seller,Ticketmaster México,https://www.ticketmaster.com.mx/la-clase-mexico-03-10-2026/event/3D0065118B011B1B,https://events.lat/event/4d4b5fa7-0e2b-490a-8a8a-c5e82ea688e7,theatre/culture
2026-10-03,El Traje Nuevo del Emperador,Telón de Asfalto,"Perpetua #4 esq. Insurgentes Sur, México",see seller,see seller,Ticketmaster México,https://www.ticketmaster.com.mx/el-traje-nuevo-del-emperador-mexico-03-10-2026/event/3D00652E820B0DE0,https://events.lat/event/9a2b23ea-e801-4145-be86-073f442c1696,theatre/culture
2026-10-03,Leyendas Mexicanas De Terror 2,Telón de Asfalto,"Perpetua #4 esq. Insurgentes Sur, México",see seller,see seller,Ticketmaster México,https://www.ticketmaster.com.mx/leyendas-mexicanas-de-terror-2-mexico-03-10-2026/event/3D00651F8F9E1D07,https://events.lat/event/332f60b6-56cd-4a52-8deb-fa74b88df6c1,theatre/culture
2026-10-03,Monstruos el Musical,Telón de Asfalto,"Perpetua #4 esq. Insurgentes Sur, México",see seller,see seller,Ticketmaster México,https://www.ticketmaster.com.mx/monstruos-el-musical-mexico-03-10-2026/event/3D00651F86BF150C,https://events.lat/event/ca9c22a4-a683-4547-a7fe-9161e33bd059,theatre/culture
2026-10-03,MYSTIKA: un viaje inmersivo espiritual por Pepe Soho,Torre Cuarzo,"Av. Paseo de la Reforma 26, Piso 33, Juárez, Cuauhtémoc, Ciudad de México",see seller,see seller,Ticketmaster México,https://www.ticketmaster.com.mx/mystika-un-viaje-inmersivo-espiritual-por-ciudad-de-mexico-03-10-2026/event/3D0065189A431F0B,https://events.lat/event/65fdff4c-7939-460d-b668-a0869adb9517,theatre/culture
2026-10-03,OVOMANCIA · Taller de limpia y lectura con huevo,Torre Cuarzo,"Av. Paseo de la Reforma 26, Piso 33, Juárez, Cuauhtémoc, Ciudad de México",see seller,see seller,Ticketmaster México,https://www.ticketmaster.com.mx/ovomancia-taller-de-limpia-y-lectura-ciudad-de-mexico-03-10-2026/event/3D00651A824B1CE9,https://events.lat/event/dafa31b0-6c78-496b-ae78-2e832ed70259,theatre/culture
2026-10-03,Bar Crawl in Mexico City! (Roma/Condesa),,,see seller,see seller,AllEvents,https://allevents.in/mexico-city/bar-crawl-in-mexico-city-roma-condesa/100002002085990091,https://events.lat/event/27ebb914-081e-4d42-ac64-652d21ae821e,social
